[ 
    { 
        "author" : "La-Pandante", 
        "name" : "LaPandanteThemeManga", 
        "keyWords" : "La-Pandante,Theme", 
        "version" : "2.3.9", 
        "dofusVersion" : "2.39", 
        "description" : "Si tu kiff Dragon Ball, One Piece et Naruto", 
        "url" : "https://github.com/Pandante/themedofus/blob/master/LaPandanteThemeManga.zip?raw=true", 
        "previewUrl" : "https://github.com/Pandante/themedofus/blob/master/PandanteMangaPreview.jpg?raw=trueg", 
        "creationDate" : "09/11/2016", 
        "modificationDate" : "06/12/2016" 
    } 
]