[ 
    { 
        "author" : "Yougo", 
        "name" : "Yougo-Anime", 
        "keyWords" : "Yougo-Anime,Theme", 
        "version" : "2.40", 
        "dofusVersion" : "2.40", 
        "description" : "Si tu kiff les animes", 
        "url" : "https://github.com/Pandante/themedofus/blob/master/Yougo-Anime.zip", 
        "previewUrl" : "https://github.com/Pandante/themedofus/blob/master/Yougo-Anime.jpg", 
        "creationDate" : "09/11/2016", 
        "modificationDate" : "26/03/2017" 
    } 
]